create database YouTubeMusicDB

use YouTubeMusicDB

CREATE TABLE Artist (
    artist_id INT PRIMARY KEY,
    name VARCHAR(100),
    country VARCHAR(50),
    genre VARCHAR(50),
    birth_year date,
    biography varchar(max)
);

CREATE TABLE Album (
    album_id INT PRIMARY KEY,
    title VARCHAR(100),
    release_year INT,
    cover_url VARCHAR(255),
    artist_id INT,
    FOREIGN KEY (artist_id) REFERENCES Artist(artist_id)
);

CREATE TABLE Song (
    song_id INT PRIMARY KEY,
    title VARCHAR(100),
    duration INT,
    release_date DATE,
    language VARCHAR(50),
    album_id INT,
    FOREIGN KEY (album_id) REFERENCES Album(album_id)
);

CREATE TABLE UserAccount (
    user_id INT PRIMARY KEY,
    username VARCHAR(50),
    email VARCHAR(100),
    password VARCHAR(100),
    country VARCHAR(50),
    birth_date DATE,
    gender VARCHAR(10),
    registration_date DATE
);

CREATE TABLE Playlist (
    playlist_id INT PRIMARY KEY,
    name VARCHAR(100),
    created_at DATE,
    privacy_status VARCHAR(20),
    user_id INT,
    FOREIGN KEY (user_id) REFERENCES UserAccount(user_id)
);

CREATE TABLE PlaylistItem (
    playlist_item_id INT PRIMARY KEY,
    added_at DATE,
    position_number INT,
    playlist_id INT,
    song_id INT,
    FOREIGN KEY (playlist_id) REFERENCES Playlist(playlist_id),
    FOREIGN KEY (song_id) REFERENCES Song(song_id)
);

CREATE TABLE UserLikesSong (
    like_id INT PRIMARY KEY,
    liked_at DATE,
    user_id INT,
    song_id INT,
    FOREIGN KEY (user_id) REFERENCES UserAccount(user_id),
    FOREIGN KEY (song_id) REFERENCES Song(song_id)
);

CREATE TABLE Comment (
    comment_id INT PRIMARY KEY,
    content TEXT,
    posted_at DATETIME,
    user_id INT,
    song_id INT,
    FOREIGN KEY (user_id) REFERENCES UserAccount(user_id),
    FOREIGN KEY (song_id) REFERENCES Song(song_id)
);

CREATE TABLE Subscription (
    subscription_id INT PRIMARY KEY,
    type VARCHAR(20),
    start_date DATE,
    end_date DATE,
    payment_method VARCHAR(50),
    user_id INT,
    FOREIGN KEY (user_id) REFERENCES UserAccount(user_id)
);



-- =========================
-- Users (15)
-- =========================
INSERT INTO UserAccount (user_id, username, email, password, country, birth_date, gender, registration_date) VALUES
(1,'oleg','oleg@example.com','pass123','Bulgaria','2000-05-12','M','2023-01-01'),
(2,'anna','anna@example.com','pass123','Germany','1998-07-22','F','2023-01-02'),
(3,'ivan','ivan@example.com','pass123','Russia','1995-03-15','M','2023-01-03'),
(4,'sofia','sofia@example.com','pass123','Spain','1999-11-11','F','2023-01-04'),
(5,'peter','peter@example.com','pass123','UK','1990-01-01','M','2023-01-05'),
(6,'lisa','lisa@example.com','pass123','USA','1997-02-02','F','2023-01-06'),
(7,'maria','maria@example.com','pass123','Italy','1996-03-03','F','2023-01-07'),
(8,'george','george@example.com','pass123','Greece','1994-04-04','M','2023-01-08'),
(9,'alex','alex@example.com','pass123','France','1993-05-05','M','2023-01-09'),
(10,'nina','nina@example.com','pass123','Poland','1992-06-06','F','2023-01-10'),
(11,'mark','mark@example.com','pass123','USA','1991-07-07','M','2023-01-11'),
(12,'kate','kate@example.com','pass123','UK','1990-08-08','F','2023-01-12'),
(13,'john','john@example.com','pass123','Canada','1989-09-09','M','2023-01-13'),
(14,'olga','olga@example.com','pass123','Ukraine','1998-10-10','F','2023-01-14'),
(15,'stefan','stefan@example.com','pass123','Bulgaria','1997-11-11','M','2023-01-15');

-- =========================
-- Artists (30)
-- =========================

INSERT INTO Artist (artist_id, name, country, genre, birth_year, biography) VALUES
(1,'Coldplay','UK','Rock','1996-01-01','British rock band'),
(2,'Eminem','USA','Rap','1972-10-17','American rapper'),
(3,'Shakira','Colombia','Pop','1977-02-02','Latin pop singer'),
(4,'Adele','UK','Soul','1988-05-05','British singer-songwriter'),
(5,'Drake','Canada','Hip-Hop','1986-10-24','Canadian rapper'),
(6,'Beyonce','USA','Pop','1981-09-04','American singer'),
(7,'Ed Sheeran','UK','Pop','1991-02-17','British singer-songwriter'),
(8,'Taylor Swift','USA','Pop','1989-12-13','American singer-songwriter'),
(9,'Rihanna','Barbados','Pop','1988-02-20','Singer from Barbados'),
(10,'Bruno Mars','USA','Pop','1985-10-08','American singer'),
(11,'The Weeknd','Canada','R&B','1990-02-16','Canadian singer'),
(12,'Post Malone','USA','Rap','1995-07-04','American rapper'),
(13,'Billie Eilish','USA','Pop','2001-12-18','American singer'),
(14,'Imagine Dragons','USA','Alternative','2008-01-01','American pop rock band'),
(15,'Metallica','USA','Metal','1981-01-01','American heavy metal band'),
(16,'Linkin Park','USA','Rock','1996-01-01','American rock band'),
(17,'Madonna','USA','Pop','1958-08-16','Queen of Pop'),
(18,'Lady Gaga','USA','Pop','1986-03-28','American singer'),
(19,'Kanye West','USA','Rap','1977-06-08','American rapper'),
(20,'Jay-Z','USA','Rap','1969-12-04','American rapper'),
(21,'Elton John','UK','Pop','1947-03-25','British singer'),
(22,'Queen','UK','Rock','1970-01-01','British rock band'),
(23,'U2','Ireland','Rock','1976-01-01','Irish rock band'),
(24,'Pink Floyd','UK','Rock','1965-01-01','British progressive rock band'),
(25,'Nirvana','USA','Grunge','1987-01-01','American grunge band'),
(26,'Ariana Grande','USA','Pop','1993-06-26','American singer'),
(27,'Selena Gomez','USA','Pop','1992-07-22','American singer'),
(28,'Justin Bieber','Canada','Pop','1994-03-01','Canadian singer'),
(29,'Harry Styles','UK','Pop','1994-02-01','British singer'),
(30,'Doja Cat','USA','Rap','1995-10-21','American rapper');

-- =========================
-- Album (50)
-- =========================

INSERT INTO Album (album_id, title, release_year, cover_url, artist_id) VALUES
(1,'Parachutes',2000,'url1',1),
(2,'Revival',2017,'url2',2),
(3,'Oral Fixation',2005,'url3',3),
(4,'21',2011,'url4',4),
(5,'Scorpion',2018,'url5',5),
(6,'Lemonade',2016,'url6',6),
(7,'Divide',2017,'url7',7),
(8,'1989',2014,'url8',8),
(9,'Anti',2016,'url9',9),
(10,'Unorthodox Jukebox',2012,'url10',10),
(11,'Starboy',2016,'url11',11),
(12,'Beerbongs & Bentleys',2018,'url12',12),
(13,'When We All Fall Asleep, Where Do We Go?',2019,'url13',13),
(14,'Evolve',2017,'url14',14),
(15,'Master of Puppets',1986,'url15',15),
(16,'Hybrid Theory',2000,'url16',16),
(17,'Ray of Light',1998,'url17',17),
(18,'The Fame',2008,'url18',18),
(19,'Graduation',2007,'url19',19),
(20,'The Blueprint',2001,'url20',20),
(21,'Goodbye Yellow Brick Road',1973,'url21',21),
(22,'A Night at the Opera',1975,'url22',22),
(23,'The Joshua Tree',1987,'url23',23),
(24,'The Dark Side of the Moon',1973,'url24',24),
(25,'Nevermind',1991,'url25',25),
(26,'Sweetener',2018,'url26',26),
(27,'Revival',2015,'url27',27),
(28,'Purpose',2015,'url28',28),
(29,'Fine Line',2019,'url29',29),
(30,'Planet Her',2021,'url30',30),
(31,'Ghost Stories',2014,'url31',1),
(32,'Encore',2004,'url32',2),
(33,'Laundry Service',2001,'url33',3),
(34,'25',2015,'url34',4),
(35,'Take Care',2011,'url35',5),
(36,'Dangerously in Love',2003,'url36',6),
(37,'X',2014,'url37',7),
(38,'Red',2012,'url38',8),
(39,'Loud',2010,'url39',9),
(40,'Doo-Wops & Hooligans',2010,'url40',10),
(41,'After Hours',2020,'url41',11),
(42,'Hollywood’s Bleeding',2019,'url42',12),
(43,'Happier Than Ever',2021,'url43',13),
(44,'Smoke + Mirrors',2015,'url44',14),
(45,'Ride the Lightning',1984,'url45',15),
(46,'Meteora',2003,'url46',16),
(47,'Like a Virgin',1984,'url47',17),
(48,'Born This Way',2011,'url48',18),
(49,'Yeezus',2013,'url49',19),
(50,'Magna Carta Holy Grail',2013,'url50',20);

-- =========================
-- Song (200)
-- =========================

INSERT INTO Song (song_id, title, duration, release_date, language, album_id) VALUES
(1,'Yellow',270,'2000-06-26','English',1),
(2,'Lose Yourself',320,'2002-10-28','English',2),
(3,'Hips Don’t Lie',230,'2006-05-10','Spanish',3),
(4,'Rolling in the Deep',240,'2011-01-01','English',4),
(5,'God’s Plan',210,'2018-01-19','English',5),
(6,'Formation',215,'2016-02-06','English',6),
(7,'Shape of You',240,'2017-01-06','English',7),
(8,'Blank Space',230,'2014-11-10','English',8),
(9,'Work',220,'2016-01-27','English',9),
(10,'Locked Out of Heaven',230,'2012-10-01','English',10),
(11,'Starboy',240,'2016-09-22','English',11),
(12,'Rockstar',240,'2017-09-15','English',12),
(13,'Bad Guy',210,'2019-03-29','English',13),
(14,'Believer',210,'2017-02-01','English',14),
(15,'Battery',310,'1986-03-03','English',15),
(16,'In the End',220,'2000-10-24','English',16),
(17,'Frozen',300,'1998-01-01','English',17),
(18,'Poker Face',230,'2008-09-26','English',18),
(19,'Stronger',310,'2007-07-31','English',19),
(20,'Izzo (H.O.V.A.)',250,'2001-09-11','English',20),
(21,'Candle in the Wind',240,'1973-10-05','English',21),
(22,'Bohemian Rhapsody',360,'1975-10-31','English',22),
(23,'With or Without You',270,'1987-03-09','English',23),
(24,'Money',380,'1973-03-01','English',24),
(25,'Smells Like Teen Spirit',300,'1991-09-10','English',25),
(26,'No Tears Left to Cry',240,'2018-04-20','English',26),
(27,'Good For You',210,'2015-06-22','English',27),
(28,'Sorry',200,'2015-10-23','English',28),
(29,'Watermelon Sugar',210,'2019-11-20','English',29),
(30,'Kiss Me More',210,'2021-04-09','English',30),
(31,'Magic',260,'2014-03-03','English',31),
(32,'Mockingbird',250,'2004-04-25','English',32),
(33,'Whenever, Wherever',220,'2001-08-27','Spanish',33),
(34,'Hello',300,'2015-10-23','English',34),
(35,'Marvins Room',320,'2011-06-09','English',35),
(36,'Crazy in Love',230,'2003-05-14','English',36),
(37,'Sing',230,'2014-04-07','English',37),
(38,'I Knew You Were Trouble',230,'2012-10-09','English',38),
(39,'Only Girl (In the World)',240,'2010-09-10','English',39),
(40,'Grenade',230,'2010-09-28','English',40),
(41,'Blinding Lights',200,'2020-11-29','English',41),
(42,'Circles',210,'2019-08-30','English',42),
(43,'Your Power',240,'2021-04-29','English',43),
(44,'I Bet My Life',230,'2015-01-01','English',44),
(45,'Fade to Black',420,'1984-09-01','English',45),
(46,'Numb',230,'2003-03-25','English',46),
(47,'Material Girl',240,'1984-11-12','English',47),
(48,'Born This Way',260,'2011-02-11','English',48),
(49,'Black Skinhead',230,'2013-06-18','English',49),
(50,'Holy Grail',300,'2013-07-04','English',50),
(51,'Trouble',240,'2000-07-10','English',1),
(52,'Beautiful',250,'2004-11-01','English',2),
(53,'Underneath Your Clothes',230,'2001-11-13','Spanish',33),
(54,'Someone Like You',290,'2011-08-24','English',4),
(55,'Headlines',220,'2011-08-09','English',35),
(56,'Halo',260,'2008-01-20','English',36),
(57,'Thinking Out Loud',280,'2014-09-24','English',37),
(58,'Red',230,'2012-10-22','English',38),
(59,'Diamonds',230,'2012-09-26','English',39),
(60,'Just the Way You Are',230,'2010-07-20','English',40),
(61,'Save Your Tears',220,'2020-08-09','English',41),
(62,'Wow',210,'2019-03-15','English',42),
(63,'Therefore I Am',220,'2020-11-12','English',43),
(64,'Shots',230,'2015-01-26','English',44),
(65,'Seek & Destroy',320,'1984-07-01','English',45),
(66,'Breaking the Habit',230,'2003-06-14','English',46),
(67,'Like a Prayer',310,'1989-03-03','English',47),
(68,'Judas',250,'2011-04-15','English',48),
(69,'Bound 2',230,'2013-11-18','English',49),
(70,'Tom Ford',240,'2013-07-04','English',50),
(71,'Clocks',270,'2002-03-24','English',31),
(72,'Mockingbird',250,'2004-04-25','English',32),
(73,'Objection',230,'2001-11-13','Spanish',33),
(74,'Send My Love',230,'2015-05-16','English',34),
(75,'Over',230,'2010-03-08','English',35),
(76,'Baby Boy',230,'2003-08-03','English',36),
(77,'Photograph',260,'2014-05-11','English',37),
(78,'We Are Never Ever Getting Back Together',230,'2012-08-13','English',38),
(79,'Rude Boy',230,'2010-02-09','English',39),
(80,'Treasure',230,'2013-05-10','English',40),
(81,'Heartless',230,'2008-11-04','English',19),
(82,'99 Problems',230,'2004-04-27','English',20),
(83,'Tiny Dancer',230,'1972-02-14','English',21),
(84,'Love of My Life',230,'1975-11-21','English',22),
(85,'Where the Streets Have No Name',230,'1987-08-31','English',23),
(86,'Time',420,'1973-03-01','English',24),
(87,'Come As You Are',230,'1991-03-02','English',25),
(88,'Break Free',230,'2014-07-02','English',26),
(89,'Hands to Myself',230,'2015-11-20','English',27),
(90,'What Do You Mean?',230,'2015-08-28','English',28),
(91,'Adore You',230,'2019-12-06','English',29),
(92,'Woman',230,'2021-06-25','English',30),
(93,'A Sky Full of Stars',230,'2014-05-02','English',31),
(94,'Like Toy Soldiers',230,'2004-12-07','English',32),
(95,'Que Me Quedes Tú',230,'2001-11-13','Spanish',33),
(96,'Easy On Me',230,'2021-10-15','English',34),
(97,'Find Your Love',230,'2010-05-05','English',35),
(98,'Me, Myself and I',230,'2003-10-14','English',36),
(99,'Don’t',230,'2014-08-24','English',37),
(100,'All Too Well',330,'2012-10-22','English',38),
(101,'S&M',230,'2010-11-19','English',39),
(102,'It Will Rain',230,'2011-09-27','English',40),
(103,'In Your Eyes',230,'2020-03-24','English',41),
(104,'Sunflower',230,'2018-10-18','English',42),
(105,'NDA',230,'2021-07-09','English',43),
(106,'Gold',230,'2015-02-23','English',44),
(107,'One',450,'1984-07-01','English',45),
(108,'Faint',230,'2003-06-09','English',46),
(109,'Holiday',230,'1983-09-07','English',47),
(110,'The Edge of Glory',230,'2011-05-09','English',48),
(111,'New Slaves',230,'2013-06-18','English',49),
(112,'Part II (On the Run)',230,'2013-07-04','English',50),
(113,'Speed of Sound',230,'2005-05-23','English',31),
(114,'Just Lose It',230,'2004-09-28','English',32),
(115,'La Tortura',230,'2005-04-12','Spanish',3),
(116,'Set Fire to the Rain',230,'2011-07-04','English',4),
(117,'Best I Ever Had',230,'2009-06-15','English',35),
(118,'Irreplaceable',230,'2006-10-23','English',36),
(119,'Bloodstream',230,'2014-03-23','English',37),
(120,'Begin Again',230,'2012-10-22','English',38),
(121,'Man Down',230,'2010-11-19','English',39),
(122,'Young Girls',230,'2012-12-07','English',10),
(123,'Save Your Tears (Remix)',230,'2021-04-23','English',41),
(124,'Goodbyes',230,'2019-07-05','English',42),
(125,'Lost Cause',230,'2021-06-02','English',43),
(126,'Dream',230,'2015-06-16','English',44),
(127,'Damage, Inc.',330,'1986-03-03','English',15),
(128,'From the Inside',230,'2003-09-15','English',46),
(129,'Crazy for You',230,'1985-03-02','English',47),
(130,'Marry the Night',230,'2011-11-21','English',48),
(131,'Blood on the Leaves',230,'2013-06-18','English',49),
(132,'Beach Is Better',230,'2013-07-04','English',50),
(133,'Talk',230,'2005-12-19','English',31),
(134,'Ass Like That',230,'2005-06-07','English',32),
(135,'She Wolf',230,'2009-07-10','Spanish',3),
(136,'Skyfall',280,'2012-10-05','English',4),
(137,'Find Your Love (Remix)',230,'2010-06-01','English',35),
(138,'Listen',230,'2006-11-21','English',36),
(139,'I See Fire',230,'2013-11-05','English',37),
(140,'Style',230,'2014-10-27','English',8),
(141,'California King Bed',230,'2011-05-09','English',39),
(142,'Moonshine',230,'2012-12-07','English',10),
(143,'After Hours',230,'2020-03-20','English',41),
(144,'Saint-Tropez',230,'2019-09-06','English',42),
(145,'My Future',230,'2020-07-30','English',43),
(146,'Polaroid',230,'2015-09-15','English',44),
(147,'Orion',330,'1986-03-03','English',15),
(148,'Easier to Run',230,'2003-03-25','English',46),
(149,'Papa Don’t Preach',230,'1986-06-11','English',47),
(150,'Hair',230,'2011-05-16','English',48),
(151,'All Night',230,'2016-04-23','English',6),
(152,'Perfect',265,'2017-09-26','English',7),
(153,'Wildest Dreams',230,'2014-08-31','English',8),
(154,'Needed Me',230,'2016-03-30','English',9),
(155,'Versace on the Floor',240,'2016-11-04','English',10),
(156,'Can’t Feel My Face',230,'2015-06-05','English',11),
(157,'Better Now',230,'2018-05-08','English',12),
(158,'Ocean Eyes',230,'2016-11-18','English',13),
(159,'Thunder',230,'2017-04-27','English',14),
(160,'Enter Sandman',330,'1991-07-29','English',15),
(161,'Crawling',230,'2001-03-01','English',16),
(162,'Hung Up',330,'2005-11-14','English',17),
(163,'Alejandro',250,'2010-04-20','English',18),
(164,'All Falls Down',230,'2004-02-10','English',19),
(165,'Big Pimpin',230,'2000-04-11','English',20),
(166,'Rocket Man',270,'1972-04-17','English',21),
(167,'Don’t Stop Me Now',230,'1979-01-26','English',22),
(168,'I Still Haven’t Found What I’m Looking For',270,'1987-05-25','English',23),
(169,'Us and Them',430,'1973-03-01','English',24),
(170,'Lithium',230,'1992-01-01','English',25),
(171,'Into You',230,'2016-05-06','English',26),
(172,'Same Old Love',230,'2015-09-10','English',27),
(173,'Love Yourself',230,'2015-11-09','English',28),
(174,'Falling',230,'2019-10-04','English',29),
(175,'Say So',230,'2020-01-25','English',30),
(176,'Adventure of a Lifetime',230,'2015-11-06','English',31),
(177,'Like Toy Soldiers',250,'2004-12-07','English',32),
(178,'La La La',230,'2010-07-10','Spanish',3),
(179,'Rumour Has It',230,'2011-11-21','English',4),
(180,'Hotline Bling',230,'2015-07-31','English',35),
(181,'Single Ladies',230,'2008-10-13','English',36),
(182,'Castle on the Hill',230,'2017-01-06','English',37),
(183,'You Belong With Me',230,'2008-06-20','English',38),
(184,'Umbrella',230,'2007-03-29','English',39),
(185,'The Lazy Song',230,'2011-02-15','English',40),
(186,'In the Night',230,'2015-11-17','English',11),
(187,'Congratulations',230,'2017-01-31','English',12),
(188,'Bury a Friend',230,'2019-01-30','English',13),
(189,'Radioactive',230,'2012-10-29','English',14),
(190,'Nothing Else Matters',390,'1991-04-20','English',15),
(191,'Papercut',230,'2000-09-18','English',16),
(192,'Vogue',330,'1990-03-27','English',17),
(193,'Shallow',230,'2018-09-27','English',18),
(194,'Jesus Walks',230,'2004-05-25','English',19),
(195,'Empire State of Mind',230,'2009-10-20','English',20),
(196,'Tiny Dancer',270,'1972-02-14','English',21),
(197,'We Will Rock You',150,'1977-10-07','English',22),
(198,'One Tree Hill',230,'1987-03-09','English',23),
(199,'Brain Damage',230,'1973-03-01','English',24),
(200,'Heart-Shaped Box',270,'1993-08-30','English',25);

-- =========================
-- Playlist (30)
-- =========================

INSERT INTO Playlist (playlist_id, name, created_at, privacy_status, user_id) VALUES
(1,'Morning Vibes','2023-02-01','Public',1),
(2,'Workout Mix','2023-02-02','Private',1),
(3,'Party Hits','2023-02-03','Public',2),
(4,'Chill Evening','2023-02-04','Private',2),
(5,'Rock Classics','2023-02-05','Public',3),
(6,'Rap Flow','2023-02-06','Private',3),
(7,'Latin Energy','2023-02-07','Public',4),
(8,'Romantic Songs','2023-02-08','Private',4),
(9,'Metal Madness','2023-02-09','Public',5),
(10,'Pop Favorites','2023-02-10','Private',5),
(11,'Indie Mix','2023-02-11','Public',6),
(12,'Dance Floor','2023-02-12','Private',6),
(13,'Acoustic Chill','2023-02-13','Public',7),
(14,'Soulful Sunday','2023-02-14','Private',7),
(15,'Electronic Beats','2023-02-15','Public',8),
(16,'Jazz Lounge','2023-02-16','Private',8),
(17,'Classical Gems','2023-02-17','Public',9),
(18,'Hip-Hop Legends','2023-02-18','Private',9),
(19,'Summer Hits','2023-02-19','Public',10),
(20,'Winter Chill','2023-02-20','Private',10),
(21,'Travel Vibes','2023-02-21','Public',11),
(22,'Study Focus','2023-02-22','Private',11),
(23,'Love Songs','2023-02-23','Public',12),
(24,'Party Mix','2023-02-24','Private',12),
(25,'Workout Pump','2023-02-25','Public',13),
(26,'Relaxation','2023-02-26','Private',13),
(27,'Top Charts','2023-02-27','Public',14),
(28,'Oldies Goldies','2023-02-28','Private',14),
(29,'Favorites','2023-03-01','Public',15),
(30,'Deep Focus','2023-03-02','Private',15);

-- =========================
-- UserLikesSong (200)
-- =========================

INSERT INTO UserLikesSong (like_id, liked_at, user_id, song_id) VALUES
(1,'2023-03-01',1,2),
(2,'2023-03-01',1,5),
(3,'2023-03-01',1,10),
(4,'2023-03-02',1,15),
(5,'2023-03-02',1,20),
(6,'2023-03-02',1,25),
(7,'2023-03-03',1,30),
(8,'2023-03-03',1,35),
(9,'2023-03-03',1,40),
(10,'2023-03-04',1,45),
(11,'2023-03-04',1,50),
(12,'2023-03-04',1,55),
(13,'2023-03-05',1,60),

(14,'2023-03-05',2,3),
(15,'2023-03-05',2,6),
(16,'2023-03-05',2,12),
(17,'2023-03-06',2,18),
(18,'2023-03-06',2,22),
(19,'2023-03-06',2,28),
(20,'2023-03-07',2,34),
(21,'2023-03-07',2,38),
(22,'2023-03-07',2,44),
(23,'2023-03-08',2,48),
(24,'2023-03-08',2,52),
(25,'2023-03-08',2,56),
(26,'2023-03-09',2,60),

(27,'2023-03-09',3,7),
(28,'2023-03-09',3,14),
(29,'2023-03-09',3,21),
(30,'2023-03-10',3,27),
(31,'2023-03-10',3,33),
(32,'2023-03-10',3,39),
(33,'2023-03-11',3,45),
(34,'2023-03-11',3,51),
(35,'2023-03-11',3,57),
(36,'2023-03-12',3,63),
(37,'2023-03-12',3,69),
(38,'2023-03-12',3,75),
(39,'2023-03-13',3,81),

(40,'2023-03-13',4,8),
(41,'2023-03-13',4,16),
(42,'2023-03-13',4,24),
(43,'2023-03-14',4,32),
(44,'2023-03-14',4,38),
(45,'2023-03-14',4,44),
(46,'2023-03-15',4,50),
(47,'2023-03-15',4,56),
(48,'2023-03-15',4,62),
(49,'2023-03-16',4,68),
(50,'2023-03-16',4,74),
(51,'2023-03-16',4,80),
(52,'2023-03-17',4,86),

(53,'2023-03-17',5,9),
(54,'2023-03-17',5,18),
(55,'2023-03-17',5,27),
(56,'2023-03-18',5,36),
(57,'2023-03-18',5,45),
(58,'2023-03-18',5,54),
(59,'2023-03-19',5,63),
(60,'2023-03-19',5,72),
(61,'2023-03-19',5,81),
(62,'2023-03-20',5,90),
(63,'2023-03-20',5,99),
(64,'2023-03-20',5,108),
(65,'2023-03-21',5,117),
(66,'2023-03-21',5,117),
(67,'2023-03-21',6,11),
(68,'2023-03-21',6,22),
(69,'2023-03-21',6,33),
(70,'2023-03-22',6,44),
(71,'2023-03-22',6,55),
(72,'2023-03-22',6,66),
(73,'2023-03-23',6,77),
(74,'2023-03-23',6,88),
(75,'2023-03-23',6,99),
(76,'2023-03-24',6,110),
(77,'2023-03-24',6,121),
(78,'2023-03-24',6,132),
(79,'2023-03-25',6,143),

(80,'2023-03-25',7,7),
(81,'2023-03-25',7,14),
(82,'2023-03-25',7,21),
(83,'2023-03-26',7,28),
(84,'2023-03-26',7,35),
(85,'2023-03-26',7,42),
(86,'2023-03-27',7,49),
(87,'2023-03-27',7,56),
(88,'2023-03-27',7,63),
(89,'2023-03-28',7,70),
(90,'2023-03-28',7,77),
(91,'2023-03-28',7,84),
(92,'2023-03-29',7,91),

(93,'2023-03-29',8,8),
(94,'2023-03-29',8,16),
(95,'2023-03-29',8,24),
(96,'2023-03-30',8,32),
(97,'2023-03-30',8,40),
(98,'2023-03-30',8,48),
(99,'2023-03-31',8,56),
(100,'2023-03-31',8,64),
(101,'2023-03-31',8,72),
(102,'2023-04-01',8,80),
(103,'2023-04-01',8,88),
(104,'2023-04-01',8,96),
(105,'2023-04-02',8,104),

(106,'2023-04-02',9,9),
(107,'2023-04-02',9,18),
(108,'2023-04-02',9,27),
(109,'2023-04-03',9,36),
(110,'2023-04-03',9,45),
(111,'2023-04-03',9,54),
(112,'2023-04-04',9,63),
(113,'2023-04-04',9,72),
(114,'2023-04-04',9,81),
(115,'2023-04-05',9,90),
(116,'2023-04-05',9,99),
(117,'2023-04-05',9,108),
(118,'2023-04-06',9,117),

(119,'2023-04-06',10,10),
(120,'2023-04-06',10,20),
(121,'2023-04-06',10,30),
(122,'2023-04-07',10,40),
(123,'2023-04-07',10,50),
(124,'2023-04-07',10,60),
(125,'2023-04-08',10,70),
(126,'2023-04-08',10,80),
(127,'2023-04-08',10,90),
(128,'2023-04-09',10,100),
(129,'2023-04-09',10,110),
(130,'2023-04-09',10,120),
(131,'2023-04-10',10,130),

(132,'2023-04-10',11,11),
(133,'2023-04-10',11,22),
(134,'2023-04-10',11,33),
(135,'2023-04-11',11,44),
(136,'2023-04-11',11,55),
(137,'2023-04-11',11,66),
(138,'2023-04-12',11,77),
(139,'2023-04-12',11,88),
(140,'2023-04-12',11,99),
(141,'2023-04-13',11,110),
(142,'2023-04-13',11,121),
(143,'2023-04-13',11,132),
(144,'2023-04-14',11,143),

(145,'2023-04-14',12,12),
(146,'2023-04-14',12,24),
(147,'2023-04-14',12,36),
(148,'2023-04-15',12,48),
(149,'2023-04-15',12,60),
(150,'2023-04-15',12,72),
(151,'2023-04-16',12,84),
(152,'2023-04-16',12,96),
(153,'2023-04-16',12,108),
(154,'2023-04-17',12,120),
(155,'2023-04-17',12,132),
(156,'2023-04-17',12,144),
(157,'2023-04-18',12,156),

(158,'2023-04-18',13,13),
(159,'2023-04-18',13,26),
(160,'2023-04-18',13,39),
(161,'2023-04-19',13,52),
(162,'2023-04-19',13,65),
(163,'2023-04-19',13,78),
(164,'2023-04-20',13,91),
(165,'2023-04-20',13,104),
(166,'2023-04-20',13,117),
(167,'2023-04-21',13,130),
(168,'2023-04-21',13,143),
(169,'2023-04-21',13,156),
(170,'2023-04-22',13,169),

(171,'2023-04-22',14,14),
(172,'2023-04-22',14,28),
(173,'2023-04-22',14,42),
(174,'2023-04-23',14,56),
(175,'2023-04-23',14,70),
(176,'2023-04-23',14,84),
(177,'2023-04-24',14,98),
(178,'2023-04-24',14,112),
(179,'2023-04-24',14,126),
(180,'2023-04-25',14,140),
(181,'2023-04-25',14,154),
(182,'2023-04-25',14,168),
(183,'2023-04-26',14,182),

(184,'2023-04-26',15,15),
(185,'2023-04-26',15,30),
(186,'2023-04-26',15,45),
(187,'2023-04-27',15,60),
(188,'2023-04-27',15,75),
(189,'2023-04-27',15,90),
(190,'2023-03-25',15,180),
(191,'2023-03-25',15,185),
(192,'2023-03-25',15,190),
(193,'2023-03-26',15,195),
(194,'2023-03-26',15,196),
(195,'2023-03-26',15,197),
(196,'2023-03-27',15,198),
(197,'2023-03-27',15,199),
(198,'2023-03-27',15,200),
(199,'2023-03-28',15,175),
(200,'2023-03-28',15,165);

-- =========================
-- PlaylistItem (150)
-- =========================

INSERT INTO PlaylistItem (playlist_item_id, added_at, position_number, playlist_id, song_id) VALUES
(1,'2023-03-01',1,1,1),
(2,'2023-03-01',2,1,2),
(3,'2023-03-01',3,1,3),
(4,'2023-03-01',4,1,4),
(5,'2023-03-01',5,1,5),
(6,'2023-03-02',1,2,6),
(7,'2023-03-02',2,2,7),
(8,'2023-03-02',3,2,8),
(9,'2023-03-02',4,2,9),
(10,'2023-03-02',5,2,10),
(11,'2023-03-03',1,3,11),
(12,'2023-03-03',2,3,12),
(13,'2023-03-03',3,3,13),
(14,'2023-03-03',4,3,14),
(15,'2023-03-03',5,3,15),
(16,'2023-03-04',6,3,16),
(17,'2023-03-04',7,3,17),
(18,'2023-03-04',8,3,18),
(19,'2023-03-04',9,3,19),
(20,'2023-03-04',10,3,20),

(21,'2023-03-05',1,4,21),
(22,'2023-03-05',2,4,22),
(23,'2023-03-05',3,4,23),
(24,'2023-03-05',4,4,24),
(25,'2023-03-05',5,4,25),
(26,'2023-03-05',6,4,26),
(27,'2023-03-05',7,4,27),
(28,'2023-03-05',8,4,28),
(29,'2023-03-05',9,4,29),
(30,'2023-03-05',10,4,30),

(31,'2023-03-06',1,5,31),
(32,'2023-03-06',2,5,32),
(33,'2023-03-06',3,5,33),
(34,'2023-03-06',4,5,34),
(35,'2023-03-06',5,5,35),
(36,'2023-03-06',6,5,36),
(37,'2023-03-06',7,5,37),
(38,'2023-03-06',8,5,38),
(39,'2023-03-06',9,5,39),
(40,'2023-03-06',10,5,40),

(41,'2023-03-07',1,6,41),
(42,'2023-03-07',2,6,42),
(43,'2023-03-07',3,6,43),
(44,'2023-03-07',4,6,44),
(45,'2023-03-07',5,6,45),
(46,'2023-03-07',6,6,46),
(47,'2023-03-07',7,6,47),
(48,'2023-03-07',8,6,48),
(49,'2023-03-07',9,6,49),
(50,'2023-03-07',10,6,50),

(51,'2023-03-08',1,7,51),
(52,'2023-03-08',2,7,52),
(53,'2023-03-08',3,7,53),
(54,'2023-03-08',4,7,54),
(55,'2023-03-08',5,7,55),
(56,'2023-03-08',6,7,56),
(57,'2023-03-08',7,7,57),
(58,'2023-03-08',8,7,58),
(59,'2023-03-08',9,7,59),
(60,'2023-03-08',10,7,60),

(61,'2023-03-09',1,8,61),
(62,'2023-03-09',2,8,62),
(63,'2023-03-09',3,8,63),
(64,'2023-03-09',4,8,64),
(65,'2023-03-09',5,8,65),
(66,'2023-03-09',6,8,66),
(67,'2023-03-09',7,8,67),
(68,'2023-03-09',8,8,68),
(69,'2023-03-09',9,8,69),
(70,'2023-03-09',10,8,70),

(71,'2023-03-10',1,9,71),
(72,'2023-03-10',2,9,72),
(73,'2023-03-10',3,9,73),
(74,'2023-03-10',4,9,74),
(75,'2023-03-10',5,9,75),
(76,'2023-03-10',6,9,76),
(77,'2023-03-10',7,9,77),
(78,'2023-03-10',8,9,78),
(79,'2023-03-10',9,9,79),
(80,'2023-03-10',10,9,80),

(81,'2023-03-11',1,10,81),
(82,'2023-03-11',2,10,82),
(83,'2023-03-11',3,10,83),
(84,'2023-03-11',4,10,84),
(85,'2023-03-11',5,10,85),
(86,'2023-03-11',6,10,86),
(87,'2023-03-11',7,10,87),
(88,'2023-03-11',8,10,88),
(89,'2023-03-11',9,10,89),
(90,'2023-03-11',10,10,90),
(91,'2023-03-14',1,19,91),
(92,'2023-03-14',2,19,92),
(93,'2023-03-14',3,19,93),
(94,'2023-03-14',4,19,94),
(95,'2023-03-14',5,19,95),
(96,'2023-03-15',1,20,96),
(97,'2023-03-15',2,20,97),
(98,'2023-03-15',3,20,98),
(99,'2023-03-15',4,20,99),
(100,'2023-03-15',5,20,100),

(101,'2023-03-16',1,21,101),
(102,'2023-03-16',2,21,102),
(103,'2023-03-16',3,21,103),
(104,'2023-03-16',4,21,104),
(105,'2023-03-16',5,21,105),
(106,'2023-03-17',1,22,106),
(107,'2023-03-17',2,22,107),
(108,'2023-03-17',3,22,108),
(109,'2023-03-17',4,22,109),
(110,'2023-03-17',5,22,110),

(111,'2023-03-18',1,23,111),
(112,'2023-03-18',2,23,112),
(113,'2023-03-18',3,23,113),
(114,'2023-03-18',4,23,114),
(115,'2023-03-18',5,23,115),
(116,'2023-03-19',1,24,116),
(117,'2023-03-19',2,24,117),
(118,'2023-03-19',3,24,118),
(119,'2023-03-19',4,24,119),
(120,'2023-03-19',5,24,120),

(121,'2023-03-20',1,25,121),
(122,'2023-03-20',2,25,122),
(123,'2023-03-20',3,25,123),
(124,'2023-03-20',4,25,124),
(125,'2023-03-20',5,25,125),
(126,'2023-03-21',1,26,126),
(127,'2023-03-21',2,26,127),
(128,'2023-03-21',3,26,128),
(129,'2023-03-21',4,26,129),
(130,'2023-03-21',5,26,130),

(131,'2023-03-22',1,27,131),
(132,'2023-03-22',2,27,132),
(133,'2023-03-22',3,27,133),
(134,'2023-03-22',4,27,134),
(135,'2023-03-22',5,27,135),
(136,'2023-03-23',1,28,136),
(137,'2023-03-23',2,28,137),
(138,'2023-03-23',3,28,138),
(139,'2023-03-23',4,28,139),
(140,'2023-03-23',5,28,140),
(141,'2023-03-18',1,28,141),
(142,'2023-03-18',2,28,142),
(143,'2023-03-18',3,28,143),
(144,'2023-03-18',4,28,144),
(145,'2023-03-18',5,28,145),
(146,'2023-03-20',6,29,146),
(147,'2023-03-20',7,29,147),
(148,'2023-03-20',8,29,148),
(149,'2023-03-20',9,29,149),
(150,'2023-03-20',10,29,150);

-- =========================
-- Comment (100)
-- =========================

INSERT INTO Comment (comment_id, content, posted_at, user_id, song_id) VALUES
(1,'Great song!','2023-03-01 10:00:00',1,2),
(2,'Love this track!','2023-03-01 11:00:00',2,3),
(3,'Amazing vibes','2023-03-02 12:00:00',3,5),
(4,'Classic hit','2023-03-02 13:00:00',4,7),
(5,'This is my favorite','2023-03-02 14:00:00',5,9),
(6,'Cool beat','2023-03-03 15:00:00',6,11),
(7,'Nice lyrics','2023-03-03 16:00:00',7,13),
(8,'Perfect for workout','2023-03-03 17:00:00',8,15),
(9,'Relaxing tune','2023-03-04 18:00:00',9,17),
(10,'Party anthem','2023-03-04 19:00:00',10,19),
(11,'Fantastic rhythm!','2023-03-05 10:00:00',6,21),
(12,'This track motivates me','2023-03-05 11:00:00',7,22),
(13,'I listen every morning','2023-03-05 12:00:00',8,23),
(14,'Such a powerful voice','2023-03-05 13:00:00',9,24),
(15,'Legendary song','2023-03-05 14:00:00',10,25),
(16,'Great for parties','2023-03-06 10:00:00',11,26),
(17,'Relaxing melody','2023-03-06 11:00:00',12,27),
(18,'Top of my playlist','2023-03-06 12:00:00',13,28),
(19,'Emotional lyrics','2023-03-06 13:00:00',14,29),
(20,'Always on repeat','2023-03-06 14:00:00',15,30),

(21,'Best collab ever','2023-03-07 10:00:00',1,31),
(22,'So catchy','2023-03-07 11:00:00',2,32),
(23,'I love the beat','2023-03-07 12:00:00',3,33),
(24,'Classic vibes','2023-03-07 13:00:00',4,34),
(25,'This song is fire','2023-03-07 14:00:00',5,35),
(26,'Perfect for driving','2023-03-08 10:00:00',6,36),
(27,'My childhood favorite','2023-03-08 11:00:00',7,37),
(28,'So inspiring','2023-03-08 12:00:00',8,38),
(29,'Unforgettable','2023-03-08 13:00:00',9,39),
(30,'Best lyrics ever','2023-03-08 14:00:00',10,40),

(31,'This song heals me','2023-03-09 10:00:00',11,41),
(32,'Incredible production','2023-03-09 11:00:00',12,42),
(33,'I cry every time','2023-03-09 12:00:00',13,43),
(34,'So much energy','2023-03-09 13:00:00',14,44),
(35,'Timeless classic','2023-03-09 14:00:00',15,45),
(36,'Great performance','2023-03-10 10:00:00',1,46),
(37,'I dance to this','2023-03-10 11:00:00',2,47),
(38,'Best chorus','2023-03-10 12:00:00',3,48),
(39,'Love the guitar','2023-03-10 13:00:00',4,49),
(40,'So emotional','2023-03-10 14:00:00',5,50),

(41,'My favorite jam','2023-03-11 10:00:00',6,51),
(42,'This song rocks','2023-03-11 11:00:00',7,52),
(43,'Amazing vocals','2023-03-11 12:00:00',8,53),
(44,'So peaceful','2023-03-11 13:00:00',9,54),
(45,'Great harmony','2023-03-11 14:00:00',10,55),
(46,'Perfect sound','2023-03-12 10:00:00',11,56),
(47,'I love this vibe','2023-03-12 11:00:00',12,57),
(48,'So unique','2023-03-12 12:00:00',13,58),
(49,'Best ever','2023-03-12 13:00:00',14,59),
(50,'This is art','2023-03-12 14:00:00',15,60),

(51,'So powerful','2023-03-13 10:00:00',1,61),
(52,'I can’t stop listening','2023-03-13 11:00:00',2,62),
(53,'Great collab','2023-03-13 12:00:00',3,63),
(54,'This song is gold','2023-03-13 13:00:00',4,64),
(55,'So relaxing','2023-03-13 14:00:00',5,65),
(56,'Best beat','2023-03-14 10:00:00',6,66),
(57,'I love the rhythm','2023-03-14 11:00:00',7,67),
(58,'So deep','2023-03-14 12:00:00',8,68),
(59,'This is magic','2023-03-14 13:00:00',9,69),
(60,'Unreal sound','2023-03-14 14:00:00',10,70),

(61,'My mood booster','2023-03-15 10:00:00',11,71),
(62,'So iconic','2023-03-15 11:00:00',12,72),
(63,'Best track','2023-03-15 12:00:00',13,73),
(64,'I adore this','2023-03-15 13:00:00',14,74),
(65,'So legendary','2023-03-15 14:00:00',15,75),
(66,'Great vibe','2023-03-16 10:00:00',1,76),
(67,'This is insane','2023-03-16 11:00:00',2,77),
(68,'So melodic','2023-03-16 12:00:00',3,78),
(69,'Best ever','2023-03-16 13:00:00',4,79),
(70,'I love it','2023-03-16 14:00:00',5,80),

(71,'So smooth','2023-03-17 10:00:00',6,81),
(72,'Great sound','2023-03-17 11:00:00',7,82),
(73,'This is epic','2023-03-17 12:00:00',8,83),
(74,'So emotional','2023-03-17 13:00:00',9,84),
(75,'Best vibe','2023-03-17 14:00:00',10,85),
(76,'I love this song','2023-03-18 10:00:00',11,86),
(77,'So catchy','2023-03-18 11:00:00',12,87),
(78,'Best collab','2023-03-18 12:00:00',13,88),
(79,'So inspiring','2023-03-18 13:00:00',14,89),
(80,'This is perfect','2023-03-18 14:00:00',15,90),

(81,'Great melody','2023-03-19 10:00:00',1,91),
(82,'So iconic','2023-03-19 11:00:00',2,92),
(83,'Best lyrics','2023-03-19 12:00:00',3,93),
(84,'I adore this track','2023-03-19 13:00:00',4,94),
(85,'So legendary','2023-03-19 14:00:00',5,95),
(86,'Great vibe','2023-03-20 10:00:00',6,96),
(87,'This is insane','2023-03-20 11:00:00',7,97),
(88,'So melodic','2023-03-20 12:00:00',8,98),
(89,'Best ever','2023-03-20 13:00:00',9,99),
(90,'I love it','2023-03-20 14:00:00',10,100),
(91,'So emotional','2023-03-20 10:00:00',11,180),
(92,'Legendary','2023-03-20 11:00:00',12,182),
(93,'On repeat','2023-03-20 12:00:00',13,184),
(94,'Best collab','2023-03-20 13:00:00',14,186),
(95,'Top quality','2023-03-20 14:00:00',15,188),
(96,'Can’t stop listening','2023-03-21 15:00:00',1,190),
(97,'Iconic','2023-03-21 16:00:00',2,192),
(98,'So catchy','2023-03-21 17:00:00',3,194),
(99,'Beautiful melody','2023-03-21 18:00:00',4,196),
(100,'Masterpiece','2023-03-21 19:00:00',5,198);

-- =========================
-- Subscription (15)
-- =========================

INSERT INTO Subscription (subscription_id, type, start_date, end_date, payment_method, user_id) VALUES
(1,'Premium','2023-01-01','2024-01-01','Credit Card',1),
(2,'Free','2023-01-02',NULL,'None',2),
(3,'Family','2023-01-03','2024-01-03','PayPal',3),
(4,'Student','2023-01-04','2024-01-04','Credit Card',4),
(5,'Premium','2023-01-05','2024-01-05','Debit Card',5),
(6,'Free','2023-01-06',NULL,'None',6),
(7,'Family','2023-01-07','2024-01-07','PayPal',7),
(8,'Premium','2023-01-08','2024-01-08','Credit Card',8),
(9,'Student','2023-01-09','2024-01-09','Debit Card',9),
(10,'Premium','2023-01-10','2024-01-10','Credit Card',10),
(11,'Free','2023-01-11',NULL,'None',11),
(12,'Family','2023-01-12','2024-01-12','PayPal',12),
(13,'Premium','2023-01-13','2024-01-13','Debit Card',13),
(14,'Student','2023-01-14','2024-01-14','Credit Card',14),
(15,'Premium','2023-01-15','2024-01-15','PayPal',15);

